{"loss": [2.1031455993652344, 0.9598410129547119, 0.7385393977165222, 0.6401812434196472, 0.5836796164512634, 0.5427299737930298, 0.5078303217887878, 0.48309963941574097, 0.46362143754959106, 0.44822701811790466, 0.4354744553565979, 0.42459341883659363, 0.41471540927886963, 0.4082780182361603, 0.3958214223384857, 0.39156413078308105, 0.38420939445495605, 0.37754690647125244, 0.3693694472312927, 0.3638862669467926, 0.36062929034233093, 0.35581475496292114, 0.35157671570777893, 0.34601718187332153, 0.3399030268192291, 0.3393107056617737, 0.3317330479621887, 0.3275565505027771, 0.32749444246292114, 0.3214976489543915], "accuracy": [0.23340000212192535, 0.6480000019073486, 0.7231333255767822, 0.7533000111579895, 0.7752500176429749, 0.7946000099182129, 0.8122666478157043, 0.8229833245277405, 0.8300666809082031, 0.8362166881561279, 0.8403499722480774, 0.8457333445549011, 0.8486499786376953, 0.8498166799545288, 0.8553666472434998, 0.8569333553314209, 0.8579000234603882, 0.8610333204269409, 0.864300012588501, 0.8656666874885559, 0.8672500252723694, 0.8685500025749207, 0.8690000176429749, 0.8714333176612854, 0.8743333220481873, 0.8745166659355164, 0.8761500120162964, 0.878849983215332, 0.8783666491508484, 0.8807833194732666], "val_loss": [1.2444334030151367, 0.8228000998497009, 0.6968603730201721, 0.6262263059616089, 0.5817400813102722, 0.5500624775886536, 0.520098865032196, 0.4965639114379883, 0.4802626371383667, 0.4615209996700287, 0.4543573260307312, 0.44183382391929626, 0.4444703757762909, 0.43108633160591125, 0.4199969172477722, 0.4276301860809326, 0.40638959407806396, 0.3995887339115143, 0.3985517919063568, 0.39335331320762634, 0.39046528935432434, 0.3866439163684845, 0.37862327694892883, 0.37283238768577576, 0.40014412999153137, 0.3671005964279175, 0.3641986548900604, 0.3638975918292999, 0.38178402185440063, 0.3724516034126282], "val_accuracy": [0.569100022315979, 0.6955999732017517, 0.7432000041007996, 0.7634000182151794, 0.781000018119812, 0.7874000072479248, 0.8003000020980835, 0.816100001335144, 0.8216000199317932, 0.8309000134468079, 0.8323000073432922, 0.836899995803833, 0.8378999829292297, 0.8410999774932861, 0.8446999788284302, 0.8413000106811523, 0.8514999747276306, 0.8515999913215637, 0.8528000116348267, 0.8547999858856201, 0.855400025844574, 0.855400025844574, 0.8575000166893005, 0.8622000217437744, 0.8518000245094299, 0.8633999824523926, 0.8669000267982483, 0.8655999898910522, 0.8553000092506409, 0.8618000149726868]}