{"loss": [1.7707210779190063, 0.8403754830360413, 0.6785690784454346, 0.6182650923728943, 0.577785849571228], "accuracy": [0.3574833273887634, 0.6886000037193298, 0.7406166791915894, 0.7608833312988281, 0.7802500128746033], "val_loss": [1.007635474205017, 0.7452276349067688, 0.6666871309280396, 0.6197513341903687, 0.5982998013496399], "val_accuracy": [0.6037999987602234, 0.7157999873161316, 0.7426000237464905, 0.7652000188827515, 0.7764999866485596]}